"Артикул";"Цена";"Склад"
KSCWW-L;8236;20
KSCWW-M;8236;20
KSCWW-S;8236;18
KSCWW-XL;8236;20
KSCWW-XXL;8236;5
KSCW-L;8236;20
KSCW-LS;8236;15
KSCW-M;8236;20
KSCW-S;8236;6
KSCW-XL;8236;20
KSCW-XLS;8236;20
KSCW-XS;8236;20
KSCW-XXL;8236;12
KSCW-XXLS;8236;20
KSCW-XXL;8236;0
KSCW-XXXLS;8236;20
KSGSWR3-L;14325;20
KSGSWR3-LL;14325;19
KSGSWR3-LS;14325;20
KSGSWR3-M;14325;20
KSGSWR3-MS;14325;20
KSGSWR3-S;14325;20
KSGSWR3-XL;14325;20
KSGSWR3-XLS;14325;20
KSGSWR3-XS;14325;0
KSGSWR3-XXL;14325;20
KSGSWR3-XXLS;14325;19
KSGSWR3-XXXL;14325;11
KSGSWR3-XXXLS;14325;20
TP5149L;11583;19
TP5149LK;11583;7
TP5149LL;11583;8
TP5149LS;11583;20
TP5149M;11583;7
TP5149ML;11583;0
TP5149MS;11583;20
TP5149S;11583;20
TP5149XL;11583;7
TP5149XLS;11583;20
TP5149XS;11583;20
TP5149XXL;11583;0
TP5149XXLS;11583;20
TP5149XXXLS;11583;19
KS_R3ZIP_L;16354;20
KS_R3ZIP_LS;16354;13
KS_R3ZIP_M;16354;20
KS_R3ZIP_MK;16354;0
KS_R3ZIP_MS;16354;14
KS_R3ZIP_S;16354;6
KS_R3ZIP_XL;16354;5
KS_R3ZIP_XLS;16354;5
KSGUIDER1SXS;8919;9
3922;6355;15
3934;6355;0
3934;6355;7
10329-033-30;66617;5
10329-033-37;66617;6
10329-033-50;66617;7
WHS1090260;41154;5
10137-035-20;19235;5
10137-035-50;19235;0
10137-035-60;19235;5
10019-035-40;20691;0
10019-035-47;20691;0
10019-035-30;20691;0
10019-035-37;20691;6
10019-035-50;20691;0
10019-035-60;20691;0
WG32127S;46609;0
WGP1084360;51430;0
10542-033-36;51430;5
KSLWJ3-V2-2XL;7266;18
KSLWJ3-V2-L;7266;20
KSLWJ3-V2-M;7266;20
KSLWJ3-V2-S;7266;20
KSLWJ3-V2-XL;7266;20
KSRW3JL;12216;20
KSRW3JM;12216;20
KSRW3JS;12216;20
KSRW3JXL;12216;20
KSRW3JXS;12216;20
KSRW3JXXL;12216;20
KSRW3JXXXL;12216;20
KSLE3JL;8385;20
KSLE3JM;8385;20
KSLE3JS;8385;7
KSLE3JXL;8385;20
KSLE3JXS;8385;20
KSLE3JXXL;8385;20
KSLE3JXXXL;8385;20
KSLJ_L;4811;5
KSLJ_M;4811;0
KSLJ_S;4811;0
KSLJ_XL;4811;0
KSLJ_XS;4811;0
KSTWBTP_M;7929;7
OGG1095240;48401;0
OGT1098930;45837;5
OGT1098950;45837;5
OCG1099080;44451;5
OCG1099040;37273;5
OCG1099030;37273;6
OCG1099020;37273;0
OCG1099060;37273;6
10001-305-40;26314;5
10001-305-30;26314;5
10001-305-20;26314;5
10001-305-50;26314;5
10472-711-20;37233;5
10472-326-20;37233;5
10472-402-40;37233;5
10472-402-30;37233;5
10472-402-20;37233;5
10472-402-50;37233;5
10472-402-60;37233;5
10176-001-40;34610;6
10176-001-30;34610;0
10176-001-20;34610;5
10176-001-50;34610;5
10176-001-60;34610;6
10242-072-40;37233;6
10242-072-30;37233;6
10242-072-20;37233;5
10242-072-50;37233;6
10242-072-60;37233;5
10321-014-30;18117;5
10321-014-20;18117;5
10321-014-50;18117;5
10672-013-40;27541;5
10672-013-30;27541;5
10672-013-20;27541;5
10672-013-50;27541;5
10322-001-40;51341;6
10322-001-30;51341;6
10322-001-20;51341;5
10322-001-50;51341;7
10322-001-60;51341;5
10223-355-40;18364;5
10223-355-30;18364;6
10223-355-20;18364;6
10223-355-50;18364;8
10223-355-60;18364;6
10674-302-40;18364;5
10674-302-30;18364;5
10674-302-20;18364;5
10674-302-50;18364;5
10674-302-60;18364;5
10674-410-40;18364;5
10674-410-30;18364;5
10674-410-20;18364;5
10674-410-50;18364;5
10674-410-60;18364;5
10673-064-40;22572;5
10673-064-30;22572;5
10673-064-20;22572;5
10673-064-50;22572;5
OPJ1097850;17097;0
OHW1104030;22542;0
OWSTJ01160;21354;5
10360-001-20;14691;0
10675-302-40;14691;5
10675-302-30;14691;5
10675-302-20;14691;5
10675-302-50;14691;5
10675-410-40;14691;5
10675-410-30;14691;5
WTRJGL;7029;5
WTRJGM;7029;0
WTRJGXL;7029;0
WTRJGXXL;7029;0
VGG1090840;20493;6
VGG1090830;20493;0
VGG1090850;20493;5
VGV1094440;12939;0
VHM1090840;10791;0
VHM1090820;10791;5
10357-281-40;6930;6
10357-281-30;6930;0
KSBTGS_7;5603;11
KSBTGS_8;5603;5
KSBTGS_9;5603;20
KSBTGS_10;5603;20
KSBTGS_11;5603;20
KSBTGS_12;5603;20
KSBTGS_13;5603;20
KSBTGS_14;5603;18
10398-201-09;19146;6
10398-201-10;19146;8
10474-011-09;16424;6
10474-011-10;16424;5
SRB1090009;16424;5
SRB1090010;16424;5
SFREF00005;11662;0
10144-200-09D;11662;6
10144-200-10D;11662;5
10144-200-12D;11662;0
SFS1100011;11771;5
SFS1100008;11771;5
SFS1100009;11771;5
SRVRS00008;10226;5
SRVRS000095;10226;5
SRVRS00010;10226;5
SRVRS00011;10226;5
SRVRS00012;10226;5
SFB1100009;15255;0
SFB1100011;15255;0
SGB1090009;20196;6
10069-271-09D;8137;0
10069-271-11D;8137;5
InsKS147;288;8
InsKS148;288;8
InsKS149;288;17
InsKS1410;288;14
InsKS1411;288;20
InsKS1412;288;20
InsKS1413;288;13
InsKS1414;288;5
LKS14;193;20
AA-GST 1100K20;3168;9
AA-GST 1100K28;4098;12
AA-GST 3000BK28;4098;0
GST-3200;955;5
AA-GST 1100BULK100;11612;9
AA-GST 1100BULK20;2326;9
AA-GST 1100BULK28;3257;0
AA-GST 3000BBULK20;2326;7
AA-GST 3000BBULK28;3257;0
KSPL/TPKL100;8157;20
KSPL/TPKLL100;8157;18
KSPL/TPKM100;8157;8
KSPS/TPKS100;8157;12
KSPL/TPKXL100;8157;11
KSPL/TPKLL;8157;0
KSPL/TPKXXL;8157;9
KSFBP200L;5187;20
KSFBP200M;5187;20
KSFBP200S;5187;0
KSFBP200XL;5187;20
KSFBP200XXL;5187;20
10184-014-40;33046;6
10184-014-30;33046;6
10184-014-50;33046;6
10184-014-60;33046;5
10057-064-20;9424;5
KSPLC100TL;3306;12
KSPLC100TLN;3306;20
KSPLC100TM;3306;0
KSPLC100TMN;3306;20
KSPLC100TS;3306;0
KSPLC100S;3306;0
KSPLC100TSN;3306;20
KSPLC100TXL;3306;19
KSPLC100TXLN;3306;20
KSPLC100TXXL;3306;7
KSPLC100TXXLN;3306;20
KSPLC200TL;3732;20
KSPLC200TM;3732;20
KSPLC200TS;3732;18
KSPLC200TXL;3732;20
KSPLC200TXXL;3732;7
KSPLC100L;2900;0
KSPLC100BLN;2900;20
KSPLC100BLL;2900;0
KSPLC100LL;2900;0
KSPLC100BM;2900;10
KSPLC100BMN;2900;20
KSPLC100BSN;2900;19
KSPLC100BXL;2900;17
KSPLC100XL;2900;9
KSPLC100BXLN;2900;20
KSPLC100BXXL;2900;0
KSPLC100XXL;2900;0
KSPLC100BXXLN;2900;20
KSPLC200BL;3276;20
KSPLC200BLL;3276;8
KSPLC200BM;3276;12
KSPLC200BXL;3276;20
KSPLC200BXXL;3276;20
KSPTZ_L;6157;10
KSPTZ_XL;6157;8
10433-001-30;9424;5
10433-001-20;9424;5
10433-001-50;9424;5
10361-014-40;20453;5
10361-014-30;20453;5
10361-014-50;20453;5
10681-231-40;14444;5
10681-231-30;14444;5
10681-231-20;14444;5
10681-231-50;14444;5
10681-231-60;14444;5
10681-013-40;14444;5
10681-013-50;14444;5
10427-001-40;7999;5
10427-001-30;7999;5
10427-001-20;7999;5
10427-001-50;7999;5
10427-001-60;7999;5
10427-042-30;7999;5
10427-042-20;7999;5
10427-410-40;7999;5
10427-410-30;7999;6
10427-410-20;7999;5
10427-410-50;7999;6
10427-410-60;7999;5
10426-042-50;7999;6
10426-042-60;7999;5
10432-001-40;8751;8
10432-001-30;8751;6
10432-001-50;8751;8
10432-001-60;8751;6
10362-001-40;19413;6
10362-001-30;19413;0
10362-001-50;19413;6
10362-001-60;19413;5
10326-410-30;20997;5
10326-410-50;20997;5
10326-309-40;20997;5
10326-309-30;20997;5
10326-309-50;20997;5
LGT1110750;9424;0
LGT1110760;9424;0
LSP1086440;8751;0
10337-410-40;18364;6
10337-410-30;18364;6
10337-410-60;18364;5
LRC1102050;16513;0
CPH1116460;8137;0
10775-231-40;13790;5
10775-231-30;13790;5
10775-231-20;13790;5
10775-231-50;13790;5
10775-231-60;13790;5
10363-307-20;13790;5
10363-307-50;13790;5
10363-307-60;13790;6
3417014145_L;5425;20
3417014145_M;5425;20
3417014145_S;5425;20
3417014145_XL;5425;20
3417014145_XS;5425;20
3417014145_XXL;5425;20
3417014145_XXXL;5425;19
34148SL;2851;20
34148SM;2851;20
34148SS;2851;14
34148SXL;2851;20
34148SXS;2851;15
34148SXXL;2851;20
34148SXXXL;2851;13
34148SSO-XS;2494;20
34148SSO-L;2494;20
34148SSO-M;2494;20
34148SSO-S;2494;20
34148SSO-XL;2494;20
34148SSO-XXL;2494;20
14121SL;2781;20
14121SM;2781;20
14121SS;2781;20
14121SXL;2781;20
14121SXS;2781;20
14121SXXL;2781;20
14121SXXXL;2781;13
34119SL;1950;20
34119SXL;1950;20
34119SXXXL;1950;20
14036SL;1950;20
14036SXL;1950;20
KSTPSLLT;2168;0
KSTPSST;2168;12
KSTPSXLT;2168;0
KSTPSXST;2168;15
KSTPSXXLT;2168;0
KSTPSXXXLT;2168;18
KSTPSSB;2108;8
KSTPSXSB;2108;8
KSTPSXXLB;2108;0
KSTPSXXXLB;2108;8
10434-001-30;7999;0
10434-001-50;7999;0
10434-054-30;7999;5
LMZ1112460;7999;0
10431-001-40;7999;5
10431-001-30;7999;5
10431-001-50;7999;5
10431-001-60;7999;5
LMB1112450;7999;0
10430-001-30;5355;0
10430-042-30;5355;5
10430-042-20;5355;6
10430-432-40;5355;5
10430-432-30;5355;5
10430-432-20;5355;5
10430-432-50;5355;5
10430-432-60;5355;5
10429-001-30;5355;5
10429-001-20;5355;5
10429-001-50;5355;5
10429-001-60;5355;5
10429-042-20;5355;6
LWC1110920;5355;5
LWC1110960;5355;5
LWB1111140;5355;6
LWB1111150;5355;6
LWB1111160;5355;0
LP40360;5355;5
10092-201-30;8672;5
10092-201-20;8672;5
10428-001-40;2524;6
10428-001-50;2524;7
10428-001-60;2524;7
LWX1115660;2524;5
KSLE3TL;5563;20
KSLE3TM;5563;20
KSLE3TS;5563;20
KSLE3TXL;5563;20
KSLE3TXS;5563;20
KSLE3TXXL;5563;20
KSLE3TXXXL;5563;20
CSZ1092350;7296;0
CSZ1092360;7296;0
CSZ1091750;7296;5
CSZ1091760;7296;0
10446-046-40;7830;0
10446-046-50;7830;0
10680-013-40;8137;5
10680-013-30;8137;5
10680-013-20;8137;5
10680-013-50;8137;5
CTP1114930;8137;5
CTP1114920;8137;6
10324-014-30;19146;0
10551-231-30;7296;6
10551-231-20;7296;5
10551-231-60;7296;6
10551-046-60;7296;6
10551-046-50;7296;7
10551-046-30;7296;0
10551-046-20;7296;5
10473-014-30;16780;5
10473-014-50;16780;5
10661-084-40;6603;0
10661-084-30;6603;8
10661-084-50;6603;9
10661-084-60;6603;7
10022-273-50;8632;0
10022-478-60;8632;0
10449-363-40;8632;0
10449-363-50;8632;0
10449-363-60;8632;0
10449-482-40;8632;0
10449-482-50;8632;0
10449-482-60;8632;6
10460-160-40;6207;5
10460-160-30;6207;6
10460-160-20;6207;5
10460-160-50;6207;6
10460-160-60;6207;6
10461-160-40;5405;0
10461-160-50;5405;0
CCAST02630;7019;6
CCAST02650;7019;6
CCAST02660;7019;0
CCAST05630;7019;5
CCAST19930;7019;6
CCAST19950;7019;0
10103-342-30;8484;0
10103-342-20;8484;0
10103-640-40;8484;0
10103-640-30;8484;0
10103-640-20;8484;6
10103-640-50;8484;0
10024-252-40;6603;0
10024-252-30;6603;0
10450-231-40;6603;0
10450-231-30;6603;0
10450-231-20;6603;5
10450-231-50;6603;0
10450-020-30;6603;5
10450-020-20;6603;5
10024-160-60;6603;0
10101-471-40;6880;0
10101-471-30;6880;0
10101-471-20;6880;0
10101-471-50;6880;0
10101-471-60;6880;0
10101-351-40;6880;5
10101-351-30;6880;7
10101-351-20;6880;5
10101-351-50;6880;7
10105-273-40;5405;0
10105-273-30;5405;0
10105-273-20;5405;5
10105-273-50;5405;7
10105-273-60;5405;0
10105-333-60;5405;5
10105-423-40;5405;6
10105-423-30;5405;0
10105-423-20;5405;5
10105-423-50;5405;6
10105-423-60;5405;0
10028-070-40;4722;0
10028-070-20;4722;0
10028-070-50;4722;0
10028-473-40;4722;0
10028-473-30;4722;0
10028-473-20;4722;0
10028-473-50;4722;0
CFLYL05150;7553;0
CFLYL05160;7553;0
CFLYL26050;7553;0
CFLYL13950;7553;0
10345-051-50;4336;0
10344-020-20;3019;0
10344-020-50;3019;0
10082-962-30;6207;5
KSMBE_L;782;18
KSMBE_M;782;8
KSMBE_S;782;20
KSMBE_XL;782;18
KSMBLW_L;455;20
KSMBLW_M;455;20
KSMBLW_S;455;20
KSMBLW_XL;455;20
KSMBR_L;569;20
KSMBR_M;569;20
KSMBR_S;569;20
KSMBR_XL;569;20
KSFSP_100M;1148;20
KSFSP_100L;1148;20
KSFSP_100XL;1148;20
KSFSP_100XXL;1148;20
KSFSP_100XXXL;1148;6
KSFSPM100S;306;20
KSFSPM100M;306;20
KSFSPM100L;306;13
KSFSPM200S;306;20
KSFSPM200M;306;20
KSFSPM200L;306;20
10CH0953;1564;20
10CH0952;1564;16
10CH0951;1564;15
10CH0954;1564;18
10435-014-40;3138;5
10435-014-30;3138;8
10435-014-50;3138;7
10436-054-40;1960;6
10437-042-40;2752;13
10437-042-30;2752;0
10437-042-50;2752;12
10702-014-40;11295;5
10702-014-50;11295;5
10701-011-40;9454;5
10701-011-50;9454;5
10707-001-20;2920;5
KSWTPR10BRHL;1395;20
KSWTPR10BRHM;1395;9
KSWJRS10BEHL;1237;19
KSWJRS10BEHM;1237;15
KSWJRS10BRHL;1237;20
KSWJRS10BRHM;1237;20
KSWJRS10GRHL;1237;20
HSV1101100;3227;5
HFB1103100;3524;0
HSG1101100;1871;5
HGE1119000;5742;5
HGTEX03400;5068;0
KS-Cap-MF-01;643;20
KS-Cap-MF-02;643;20
10048-101-00;2267;8
10048-013-00;2267;9
10050-042-00;2267;7
10492-042-00;3435;6
HRH1080800;2950;0
ASB9000;6128;5
10194;613;20
F-AIRBLOC-LEAK;831;20
LOONF5009;2316;14
WP  ACCAQG;648;0
TF SH 106;14711;0
TF SH 116;14711;0
KSDHT137086T;15642;0
KSD3R13674T;19225;0
KSD3R14474T;20691;11
VL121804T;40520;20
D4LE51304T;21740;9
D4LE71377T;23522;0
D4LE91404T;25997;10
D4LE81474T;25997;8
D4LE10111514T;27888;7
CNF1305MXB;8504;12
CNF1377MXB;8504;12
CNF1409MXB;8504;14
D281304T;17315;11
D291404T;18037;20
D2101514T;19750;20
DFLEX91404T;10098;11
SM291464T;6692;20
SF-STR90053T;8692;8
SF-STR90063T;9078;11
SF-STR90073T;8850;15
KSSTR96083T;8177;0
SF-STR10093T;9127;6
SM34663T;7227;8
SM35863T;7425;11
SM366043B;2633;18
SM3FG2562T;8919;9
SM356022B;2475;11
S2MX-66002T;10117;10
S2MX-90044T;11216;9
S2MX-90054T;11533;0
S3-90064T;11969;13
S22843T;9405;10
S23733T;8494;10
S24804T;9741;9
S24843T;9573;0
S24864T;9900;0
S25904T;11583;12
S26904T;11751;6
SFFeatherCH341145T;13909;0
SF4904T;11414;0
SF51004T;12424;12
SF5904T;12256;20
SF6904T;11751;7
SF61004T;11751;13
SF7964T;11751;8
SF8904T;11919;7
SF81004T;12929;17
SF2904T;10573;7
SF3964T;11246;11
SF31024T;11583;13
SF41004T;12087;16
S2t3766T;9236;12
S2t71008T;12592;14
SFt4766T;9573;12
SFt5907T;11919;13
Ocean5904T;11295;15
Ocean9904T;11998;12
Ocean910904T;11998;8
Ocean12904T;12167;18
Gt12904T;10068;7
LIBRA4864;3732;20
LIBRA4864T;4544;8
LIBRA5904;4068;20
LIBRA5904T;4880;14
LIBRA6904;4148;20
LIBRA6904T;4959;9
LIBRA8904T;5425;5
SM25904T;6603;20
KSST-SW11385T;13117;0
LIBRA11074T;9068;7
SFSwitch51104T;14721;10
SFSwitch71104T;15285;11
SFSwitch81004T;12691;20
SFSwitch81104T;15741;10
SFSwitch81264T;18760;9
SF11054SWITCHB;6207;11
SF11074SWITCHB;6989;10
SF11084SWITCHB;7524;7
SF-B 11434/5;5870;20
SF-CN-G2 11434/5-0;6088;18
SF-SW 11434/5;14265;16
SF-SW 1108/5T;16909;10
3ATH0611004S/RSDNKA;47668;0
3ATH0712094S/RSDNKA-LG;50539;0
3ATH0713034S/RSDNKA-LG;50539;0
3ATH0813064S/RSDNKA-LG;50539;0
3ATH0814004S/RSDNKA-LG;51687;0
3ATH0915004S/RS15SPEY;53994;0
A0813004S/RSUNKA-LG;56410;0
A0814004S/RSUNKA-LG;57687;0
A0915004S/RS15SPEY;60538;0
3ALS0207004C/RSUNB;45658;0
3ALS0307064C/RSUNB;45658;0
3ALS0308064C/RSUNB;45658;0
3ALS0408064C/RSUNB;45658;0
3ALS0409004C/RSUNB;45658;0
3ALS0508064C/RSUNB;45658;0
3ASX0409004C/RSUNB;45658;0
3ASX0409004C/RSUBL;45658;0
3ASX0509004C/RSUNB;45658;0
3ASX0509004C/RSUBL;45658;0
3ASX0509064C/RSUBL;45658;0
3ASX0609004C/RSUNB;45658;0
3ASX0609004F/RSUBL;45658;0
3ASX0609064F/RSUBL;45658;0
3ASX0709064F/RSUBL;47955;0
3ASX0909004F/RSUBL;49678;0
3ASX1009004F/RSUBL;51400;0
3ASX1109004F/RSUBL;51400;0
3ASX1209004F/RSUBL;51400;0
5A0509005C/RSUTICH-C;51400;0
3A0308064C/RSUNB;45658;0
3A0410004H/RSUNKAC;45658;0
3A0408004C/RSUNB;45658;0
3A0408064C/RSUNB;45658;0
3A0409004C/RSUNB;45658;0
3A0508064C/RSUNB;45658;0
3A05JWF4J/RSUNB;46520;0
3A0509064H/RSUNKA;45658;0
3A0710004H/RSUNKA;46520;0
3A0709064H/RSUNKA;46520;0
3A08JWF4J/RSUNKA;47381;0
3A0809064H/RSUNKA;46520;0
3A1009004H/RSUNKA;49965;0
F3A0809064;23265;0
AMX0909004F;54162;0
AMX1209004F;56944;0
AT0308004C/RSUNB;56093;0
AT0407064C/RSUNB;56093;0
AT0408004C/RSUNB;56093;0
AT0408064C/RSUNB;56093;0
AT0409004C/RSUNB;56093;0
AT0508064C/RSUNB;56093;0
AT0509004C/RSUNB;56093;0
T0407063C/RSUNB;43074;0
T05JWF3J/RSUNB;43074;0
T0509003C/RSUNB;43074;0
T0609003C/RSUNB;43074;0
FT04TMF2;21542;0
L0207095C/RSUNB;43074;0
L0408035C/RSUNB;43074;0
L0408095C/RSUNB;43074;0
L0508095C/RSUNB;43074;0
GX0509004C;36352;0
VSL1009004F;26116;0
TF 45 126 4 DC;21017;0
TF 67 140 4 DC;22215;0
TF 78 130 4 DC;23413;0
TF 78 140 4 DC;23413;0
TF 89 136 4 DC;23413;0
TF 89 150 4 DC;22215;0
TF 910 140 4 DC;22215;0
TF 910 150 4 DC;22215;0
TF 4 110 4 DC;19512;0
TF 5 110 4 DC;19512;0
TF 8 110 4 DC;22512;0
TF 9 110 4 DC;22512;0
TF 8 133 4P;20413;0
TF 03 80 4B;14414;5
TF 04 10 4B;15008;7
TF 04 86 4B;14414;10
TF 05 10 4B;15008;12
TF 05 90 4B;14414;14
TF 05 90 5B (W/Case);16513;11
TF 06 90 4B;13513;0
TF 06 90 5B (W/Case);16513;6
TF 06 91 4B;15008;6
TF 06 96 4B;15008;5
TF 07 90 4B;15612;0
TF 08 90 4B;15008;0
TF 09 90 4B;15008;0
TF 02 73 4F;11414;0
TF 34 70 3 FSG;14265;0
TF 45 76 3 FSG;14265;0
TF 03 76 4P2;9009;10
TF 03 86 4P2;9009;0
TF 04 80 4P2;9009;6
TF 04 86 4P2;9009;9
TF 05 10 4P2;12008;0
TF 05 90 4P2;9009;17
TF 06 90 4P2;9009;0
TF 07 10 4P2;12008;0
TF 07 90 4P2;9612;0
TF 08 90 4P2;9612;0
TF 08 96 4P2;10513;0
TF B 05 90 4P;5633;0
TF 04 90-4X;16889;0
TF 05 90 4X;13513;0
TF 06 76-4X;18760;0
TF 06 90 4X;15008;0
TF 08 90 4X;15612;0
TF 10 90 4X;15008;0
TF BW Baby;16513;0
TF BW LD;15008;0
12904One;46975;5
7904One;46975;5
5904EOne;79754;6
VXP 479-4;20443;0
2018-690-4;48747;5
2018-790-4;48747;5
11904Xi3;46975;6
12904Xi3;46975;5
6904Xi3;46371;5
7904Xi3;46371;5
8904Xi3;46371;5
61104ZAXIS;32600;5
81164One;50212;0
R13084;71042;5
R14094;71042;5
R15104;71042;5
T2H14094;51777;5
T3H14094;60597;5
A49054;24047;5
R9084;48401;5
S49064;42659;5
S4S90114;47232;5
FLY-O;2286;13
PRT1108000;7652;10
PRT2108000;9840;6
391/16;1108;20
391/17;1168;20
KS-AIRR-04-GREEN;16236;20
KS-AIRR-04-GREY;16236;20
KS-AIRR-36-GREEN;16453;20
KS-AIRR-36-GREY;16453;20
KS-AIRR-1012-GREEN;19592;20
KS-AIRR-1012-GREY;19592;20
KS-AIRR-6-9-GREEN;16938;8
KS-AIRS-04-GREEN;9048;14
KS-AIRS-04-GREY;9048;13
KS-AIRS-36-GREEN;8811;12
KS-AIRS-36-GREY;8811;7
KS-AIRS-1011-GREEN;10484;0
KS-AIRS-1012-GREY;10484;5
KS-AIRS-1012-GREEN;10484;20
KS-AIRS-1012-GREY;10484;14
KSJR.2-4.R;3049;20
KSJR.4-6.R;3088;20
KSJR.6-8.R;3009;20
KSJR.6-8.R_T;4039;0
KSJR.2-4.S;1574;18
KSJR.4-6.S;1613;19
KSJR.6-8.S;1613;15
10216;26819;0
10222;7494;0
10213;19839;0
10303L;34006;0
10304L;35303;0
10209;17156;0
10003;11790;0
A3.5+R;30650;5
A4+R;32640;5
LS3.5XR;24680;5
LS1.5R Ser IV;21443;5
LS2R Ser IV;22136;5
LS3.5R Ser IV;25423;5
LS3.5S;11088;5
LS3.5XS;11444;6
V3S;5108;0
B 2-3 R BLK;17325;0
B 3-4 R BLK;18176;0
B 4-5 R BLK;19017;0
T-3 R BLK;25809;0
T-3 R CLR;25809;0
T-4 R BLK;28017;0
T-4 R BRNZ;28017;0
T-4 R CLR;28017;0
T-4 R GRN;28017;0
T-5 R BLK;29719;0
T-5 R BRNZ;29719;0
T-5 R CLR;29719;0
T-5 R GRN;29719;0
T-6 R BRNZ;31412;0
T-8 R GRN;32947;0
T-8 R BLK;32947;0
T-10 R BLK;37184;0
T-10 R BRNZ;37184;0
T-10 R GRN;37184;0
T-10 R BLK;37184;0
T-12 R GRN;41263;0
T-14 R BLU;49579;0
T-16 R BLU;57726;0
T-18 R BLU;66052;0
T-4 SP BRNZ;12394;0
T-4 SP GRN;12394;0
T-8 SP CLR;15117;0
T-10 SP BLK;16978;0
8010R;47262;5
8012R;50212;5
8080R;44322;5
8010S;20691;5
8012S;22176;5
6010R;38412;6
6012R;41362;5
6060R;32501;5
6080R;35471;5
6060S;15077;5
6080S;16255;5
4260R;18037;5
KSRCS.0-6M;524;20
KSRCS.7-10L;524;20
NRB01;248;19
NRB02;206;20
LOONF0040;346;20
KS-LSTWF4F;2440;20
KS-LSTWF5F;2440;9
KS-LSTWF5FC;2440;7
KS-LSTWF6F;2440;11
KS-LSTWF7F;2440;11
KS-LSTWF8F;2440;7
KS-LSTWF8FC;2440;9
KS-LSTWF9F;2440;12
KS-LSTWF9FC;2440;16
KS-CT2-WF4F;2796;17
KS-CT2-WF5F;2796;20
KS-CT2-WF6F;2796;11
KS-CT2-WF7F;2796;10
KS-CT2-WF8F;2796;6
KS-PT2-WF3F;2796;20
KS-PT2-WF4F;2796;9
KS-PT2-WF5F;2796;5
KS-PT2-WF6F;2796;6
KS-ST2-WF2F;2371;9
KS-ST2-WF3F;2371;13
KS-ST2-WF4F;2371;20
KS-ST2-WF5F;2371;10
KS-ST2-W67F;2371;0
KS-ST2-WF7F;2371;14
KS-ST2-WF8F;2371;12
TTP2F;5217;10
TTP3F;5217;8
TTP4F;5217;9
TTP5F;5217;8
TTP7F;5217;9
TTP8F;5217;9
TTP9F;5217;8
TTAM4F;5217;6
TTAM5F;5217;13
TTAM6F;5217;0
TTAM7F;5217;0
TTAM8F;5217;5
TTAM9F;5217;7
TTAM10F;5217;6
TTAM11F;5217;6
TTAM12F;5217;6
TTAM13F;5217;8
TTAM14F;5217;8
BASS6F;4890;0
BASS7F;4890;0
BASS8F;4890;0
BASS9F;4890;0
TT2F;4890;5
TT3F;4890;8
TT4F;4890;7
TT5F;4890;15
TT6F;4890;0
TT7F;4890;6
TT8F;4890;0
TT9F;4890;5
TT9FG;4890;0
TT2FO;4890;0
TT3FO;4890;0
TT4FO;4890;0
TT5FO;4890;0
TT8FO;4890;0
TT9FO;4890;0
LBWF3F;4890;5
LBWF4F;4890;6
LBWF5F;4890;15
LBWF6F;4890;9
LBWF7F;4890;0
LBWF8F;4890;5
TTNF3;4890;10
TTNF4;4890;13
TTNF5;4890;0
TTNF8;4890;0
JWS2F;5217;0
JWS3F;5217;5
JWS4F;5217;0
JWS5F;5217;8
JWS6F;5217;14
JWS7F;5217;9
JWS8F;5217;5
TTST6F;5534;5
TTST7F;5534;10
TTST8F;5534;13
TTST9F;5534;15
957968;5118;5
230542;4227;0
185227;4227;0
185203;4227;0
185166;4227;0
185142;4227;0
185128;4227;0
185111;4227;0
153075;2148;10
153099;2148;8
700284;5118;0
911130;5078;0
607422;5039;0
863170;5118;0
863194;5118;0
863231;4900;0
339597;5118;0
339580;5118;5
339559;5118;6
339566;5118;0
339573;5118;0
366203;5118;0
366197;5118;0
547872;3573;0
996274;6821;0
996915;6821;0
SD-EL-WF4F-SY;3672;0
SD-EL-WF5F-SY;3672;0
SD-EL-WF6F-SY;3672;0
SD-EL-WF7F-SY;3672;0
SD-LP-WF7F-PM;3672;0
SD-XD-WF4F-PK;3672;0
6-21803;4336;5
6-21804;4336;5
21246;3168;0
6-20526;4068;0
6-20740;2197;5
6-20741;2197;5
6-20743;2197;5
6-20744;2197;5
6-20720;4068;5
6-21478;2197;5
6-21479;2197;5
6-21481;2197;0
6-20452;4870;5
6-20454;4870;5
6-20455;4870;5
6-20456;4870;5
6-20152;4068;5
6-20067;4068;11
20574;3296;5
KS-STSW2-WF9F;2371;10
KS-STSW2-WF12F;2371;20
SWTB9F;6029;6
SWTB12F;6029;0
SWT2TB8F;6029;0
SWT2TB9F;6029;0
SWT2TB12F;6029;0
SWT12F;5534;0
SWT9F;5534;5
316314;5118;0
316345;5118;0
546394;5118;0
546462;5454;0
185524;3148;0
6-20286;4336;5
6-20281;4336;5
6-20283;4336;5
6-20583;4336;0
6-21831;4336;7
6-21832;4336;5
6-21806;4336;5
6-21833;4336;5
21800;4336;5
6-21834;4336;0
21799;4336;0
984677;10969;0
20166;6138;0
775473;5118;0
775480;5118;0
775503;5118;0
775510;5118;0
775527;5118;0
TTAM4FI;5217;0
TTAM5FI;5217;0
TTAM6FI;5217;0
TTAM7FI;5217;0
TTAM8FI;5217;0
TTAM9FI;5217;0
TTAM10FI;5217;0
6-20192;4336;5
6-20193;4336;5
6-21768;4336;5
6-21811;4336;6
TTSKC5;5534;0
TTSKC6;5534;0
TTSKC7;5534;0
TTSKC8;5534;0
TTSK4;5534;0
TTSK7;5534;0
6-20221;4068;5
6-20222;4068;5
6-20154;4068;5
6-20155;4068;5
923669;5118;0
6-20903;4336;5
6-20904;4336;5
6-21777;4336;0
6-21779;4336;0
TTAMN4I;5217;0
TTAMN5I;5217;0
TTAMN6I;5217;0
TTAMN7I;5217;0
TTAMN8I;5217;0
TTMC4I;5534;0
TTMC5I;5534;0
TTMC7I;5534;0
TT2I;4890;0
549494;5118;0
6-21814;4336;5
6-20936;2445;5
6-21500;2197;5
6-21499;2197;5
6-21485;2197;5
6-21486;2197;5
SWT12S;5534;0
546547;5118;0
546738;5118;13
851931;5118;6
6-21797;4336;5
KS-PST-6-8F;2534;20
KS-PST-7-9F;2534;20
KS-SCAST5/6F;2380;10
KS-SCAST6/7F;2380;20
KS-SCAST7/8F;2380;20
KS-SCAST7/8FC;2380;10
KS-SCAST8/9F;2380;19
KS-SCAST8/9FC;2380;11
KS-SCAST9/10F;2380;7
KS-SCAST10/11F;2380;16
KS-SSWF6/7F;2549;6
KS-SSWF7/8F;2549;20
KS-SSWF8/9F;2549;18
KS-SSWF9/10F;2549;0
KS-SSWF10/11F;2549;16
100014;4692;0
100021;4692;5
100038;4692;0
319223;3692;0
325446;3762;0
325460;3762;0
325651;3762;0
325279;3762;0
325286;3762;0
319100;6375;6
319117;6375;8
319124;6375;12
319131;6375;0
965898;7514;0
965911;7514;0
975934;7514;0
975941;7514;0
802889;7514;0
984745;4692;18
984769;4692;5
984776;4455;0
984790;4692;20
984752;4692;14
TTSSF5/6;6682;0
TTSSF6/7;6682;0
TTSSF7/8;6682;0
TTSSF8/9;6682;0
TTSSF9/10;6682;0
TTSSF10/11;6682;0
SP7F;6355;9
SP8F;6355;9
SP9F;6355;10
SP10F70;6355;6
SP12F;6355;0
6-20307;4870;5
6-20308;4870;5
6-20597;4870;5
6-20598;4870;5
6-20599;4870;14
6-20600;4870;13
6-20601;4870;8
6-20118;4870;5
6-20072;3267;5
6-20074;3267;0
6-21842;2712;0
DS2-WF8/9F-SP/LG;4474;0
DS2-WF9/10F-SP/LG;4474;0
DS2-WF10/11F-SP/LG;4474;0
54650;3841;0
54652;3841;0
DS2-ST6/7F-SP;3267;0
DS2-ST7/8F-SP;3267;0
DS2-ST8/9F-SP;3267;0
DS2-ST10/11F-SP;3267;0
100267;4692;0
100274;4692;0
100298;4692;0
100304;4692;0
100311;4692;0
100205;4692;0
100229;4692;0
100236;4692;0
KS-SCAST8/9FI;2380;18
KS-SCAST9/10FI;2380;6
KS-SCAST10/11FI;2380;14
KS-SCAST10/12FI;2380;17
319391;3692;0
319407;3692;5
319414;3692;0
320540;3692;0
320557;3692;0
320564;3692;0
319278;3692;0
319292;3692;0
319261;3692;0
SP8I;6355;0
SP9I;6355;0
319339;3692;0
319353;3692;0
319377;3692;0
319308;3692;0
319315;3692;0
319322;3692;0
319360;3692;0
984837;10969;0
TTMTS855;13186;9
TTMTS955;13186;7
TTMTS1055;13186;8
TTMTS870;13186;5
TTMTS970;13186;0
TTMTS1070;13186;5
6-20606;3811;5
C-RLF50-GY;1816;10
982765;2682;20
WP  AM1020;405;8
WP  AM4025;450;20
WP  AM1040;1346;0
6-19045;2267;0
KSB20100;396;20
KSB30100;396;20
KSB50200;712;20
545458;544;20
607491;598;20
662773;633;0
607729;1574;16
607484;1425;16
704886;1574;8
673076;2732;0
AKLTLCUG0X12ft;162;20
AKLTLCUG3X12ft;162;5
AKLTLCUG4X12ft;162;0
AKLTLCUG4X7.5ft;150;13
AKLTLCUG4X9ft;159;0
AKLTLCUG7X12ft;162;20
AKLTLCUG7X9ft;159;16
186064;326;14
186095;326;11
186088;326;0
186149;747;0
186101;747;0
186040;747;14
322360;346;0
322377;346;0
322384;346;5
322414;346;8
322421;346;0
322438;346;0
322445;346;0
322452;346;0
322254;326;5
322261;326;8
322278;326;7
322292;326;0
322308;326;0
917603;326;0
186323;346;9
186316;346;10
186309;346;14
967356;549;9
969923;549;0
969947;549;0
969985;549;5
856556;230;0
856549;230;0
856570;230;0
857201;301;20
857195;301;20
857218;301;19
857225;301;12
857232;301;6
856808;272;7
856815;272;11
856822;272;12
856839;272;8
SWL02X;1168;18
SWL03X;1168;16
TTL4X;1168;18
TTL5X;1168;11
LSB-PESF24-8LT;455;5
LSB-PFS8-8LT;455;15
LSB-PF0-8LT;455;20
LSB-PI1-8LT;455;13
LSB-PSS4-8LT;455;14
LSB-PSF16-8LT;455;13
LSB-PESF24-10T;549;20
LSB-PFS8-10T;549;5
LSB-PF0-10T;549;13
LSB-PI1-10T;549;20
LSB-PSS4-10T;549;20
LSB-PSF16-10T;549;20
LSB-PESF24-10XS;564;20
LSB-PFS8-10XS;564;20
LSB-PF0-10XS;564;20
LSB-PI1-10XS;564;16
LSB-PSS4-10XS;564;13
LSB-PSF16-10XS;564;13
LSB-PESF24-15XS;737;16
LSB-PFS8-15XS;737;20
LSB-PF0-15XS;737;14
LSB-PI1-15XS;737;11
LSB-PSS4-15XS;737;20
LSB-PSF16-15XS;737;20
47389;2970;15
PS-T10;3544;17
PS-S10;3544;5
PH-10T;633;11
PSF16-10T;633;0
PH-10S;633;0
PESF24-10S;633;0
PSS4-10S;633;0
PFO-14S;836;6
PI1-14S;836;20
KSSTIP89F;1207;20
KSSTIP89I;1207;20
KSSTIP89S3;1207;20
KSSTIP89S6;1207;20
KSSTIP89S8;1207;20
KSSTIP910F;1207;20
KSSTIP910I;1207;20
KSSTIP910S3;1207;20
KSSTIP910S6;1207;20
KSSTIP910S8;1207;20
976740;1683;5
976757;1683;20
976733;1683;8
976788;1683;20
976801;1683;6
976818;1683;20
976795;1683;6
6-20393;1386;5
6-20386;1386;5
6-20406;1386;5
